{
  "KNIFE": [
    [
      1.6472101321156558,
      0.688728338999326
    ]
  ],
  "Schraudolph": [
    [
      2.3281844179867406,
      0.4904298607302915
    ]
  ],
  "DoE": [
    [
      4.942424580790408,
      1.732978313484109
    ]
  ]
}