{
  "KNIFE": [
    [
      0.09350328410876108,
      0.0
    ]
  ],
  "Schraudolph": [
    [
      0.09700967953624917,
      0.0
    ]
  ],
  "DoE": [
    [
      1.6973339252739197,
      0.0
    ]
  ]
}