{
  "KNIFE": [
    [
      0.5541645742977961,
      0.0
    ]
  ],
  "Schraudolph": [
    [
      55.415699317976916,
      0.0
    ]
  ],
  "DoE": [
    [
      0.06949732968688105,
      0.0
    ]
  ]
}