{
  "KNIFE": [
    [
      0.34282573254852944,
      0.17031704468816028
    ]
  ],
  "Schraudolph": [
    [
      1.0060110603313759,
      0.10216650388643189
    ]
  ],
  "DoE": [
    [
      5.373870511442915,
      2.115282888768507
    ]
  ]
}