,estimate_dv,error_dv,rel_error_dv,dI_dv,estimate_mine,error_mine,rel_error_mine,dI_mine,estimate_nwj,error_nwj,rel_error_nwj,dI_nwj,estimate_nwjjs,error_nwjjs,rel_error_nwjjs,dI_nwjjs,estimate_cpc,error_cpc,rel_error_cpc,estimate_interpol,error_interpol,rel_error_interpol,estimate_doe,error_doe,rel_error_doe,dI_doe,estimate_doe_l,error_doe_l,rel_error_doe_l,dI_doe_l,estimate_club,error_club,rel_error_club,dI_club,estimate_knife,error_knife,rel_error_knife,dI_knife,dI_true_dI,dI_oracle,estimate_oracle,error_oracle,rel_error_oracle,estimate_true_mi,estimate_ln N
1,-0.030736634507775307,-106.31751251220703,-1.0002892017364502,-0.04151010513305664,-0.027253568172454834,-106.31402587890625,-1.0002564191818237,0.033477745950222015,-0.36459973454475403,-106.65137481689453,-1.0034303665161133,-0.1105770543217659,-0.37341856956481934,-106.66019439697266,-1.0035133361816406,-0.0989857092499733,-0.011365890502929688,-106.29814147949219,-1.000106930732727,-0.011365532875061035,-106.29814147949219,-1.000106930732727,143.03851318359375,36.751739501953125,0.34577906131744385,3.42401123046875,155.855712890625,49.568939208984375,0.46636977791786194,-10.999431610107422,-0.7028350830078125,-106.98960876464844,-1.0066126585006714,2.479745864868164,-232.7757340669632,-339.0625,-3.1900722980499268,-129838933344256.0,606.3156127929688,601.9204711914062,104.95115661621094,-1.3356170654296875,-0.012566164135932922,106.28677368164062,4.1588830833596715
2,-0.04767797887325287,-106.3344497680664,-1.0004485845565796,0.008504066616296768,-0.08555746078491211,-106.37232971191406,-1.0008049011230469,0.09269402921199799,-0.3283376097679138,-106.6151123046875,-1.003089189529419,0.09221228957176208,-0.3591945171356201,-106.64596557617188,-1.003379464149475,0.03876889497041702,-0.0298309326171875,-106.31660461425781,-1.0002806186676025,-0.0298306941986084,-106.31660461425781,-1.0002806186676025,133.69720458984375,27.410430908203125,0.2578912675380707,2.9074783325195312,155.44775390625,49.160980224609375,0.46253150701522827,20.565460205078125,4.669403076171875,-101.61737060546875,-0.9560678601264954,9.734573364257812,,,,,,,,,,,
