{
  "estimate_dv":{
    "1":-0.0307366345,
    "2":-0.0476779789
  },
  "error_dv":{
    "1":-106.3175125122,
    "2":-106.3344497681
  },
  "rel_error_dv":{
    "1":-1.0002892017,
    "2":-1.0004485846
  },
  "dI_dv":{
    "1":-0.0415101051,
    "2":0.0085040666
  },
  "estimate_mine":{
    "1":-0.0272535682,
    "2":-0.0855574608
  },
  "error_mine":{
    "1":-106.3140258789,
    "2":-106.3723297119
  },
  "rel_error_mine":{
    "1":-1.0002564192,
    "2":-1.0008049011
  },
  "dI_mine":{
    "1":0.033477746,
    "2":0.0926940292
  },
  "estimate_nwj":{
    "1":-0.3645997345,
    "2":-0.3283376098
  },
  "error_nwj":{
    "1":-106.6513748169,
    "2":-106.6151123047
  },
  "rel_error_nwj":{
    "1":-1.0034303665,
    "2":-1.0030891895
  },
  "dI_nwj":{
    "1":-0.1105770543,
    "2":0.0922122896
  },
  "estimate_nwjjs":{
    "1":-0.3734185696,
    "2":-0.3591945171
  },
  "error_nwjjs":{
    "1":-106.660194397,
    "2":-106.6459655762
  },
  "rel_error_nwjjs":{
    "1":-1.0035133362,
    "2":-1.0033794641
  },
  "dI_nwjjs":{
    "1":-0.0989857092,
    "2":0.038768895
  },
  "estimate_cpc":{
    "1":-0.0113658905,
    "2":-0.0298309326
  },
  "error_cpc":{
    "1":-106.2981414795,
    "2":-106.3166046143
  },
  "rel_error_cpc":{
    "1":-1.0001069307,
    "2":-1.0002806187
  },
  "estimate_interpol":{
    "1":-0.0113655329,
    "2":-0.0298306942
  },
  "error_interpol":{
    "1":-106.2981414795,
    "2":-106.3166046143
  },
  "rel_error_interpol":{
    "1":-1.0001069307,
    "2":-1.0002806187
  },
  "estimate_doe":{
    "1":143.0385131836,
    "2":133.6972045898
  },
  "error_doe":{
    "1":36.751739502,
    "2":27.4104309082
  },
  "rel_error_doe":{
    "1":0.3457790613,
    "2":0.2578912675
  },
  "dI_doe":{
    "1":3.4240112305,
    "2":2.9074783325
  },
  "estimate_doe_l":{
    "1":155.8557128906,
    "2":155.4477539062
  },
  "error_doe_l":{
    "1":49.568939209,
    "2":49.1609802246
  },
  "rel_error_doe_l":{
    "1":0.4663697779,
    "2":0.462531507
  },
  "dI_doe_l":{
    "1":-10.9994316101,
    "2":20.5654602051
  },
  "estimate_club":{
    "1":-0.702835083,
    "2":4.6694030762
  },
  "error_club":{
    "1":-106.9896087646,
    "2":-101.6173706055
  },
  "rel_error_club":{
    "1":-1.0066126585,
    "2":-0.9560678601
  },
  "dI_club":{
    "1":2.4797458649,
    "2":9.7345733643
  },
  "estimate_knife":{
    "1":-232.775734067,
    "2":null
  },
  "error_knife":{
    "1":-339.0625,
    "2":null
  },
  "rel_error_knife":{
    "1":-3.190072298,
    "2":null
  },
  "dI_knife":{
    "1":-129838933344256.0,
    "2":null
  },
  "dI_true_dI":{
    "1":606.315612793,
    "2":null
  },
  "dI_oracle":{
    "1":601.9204711914,
    "2":null
  },
  "estimate_oracle":{
    "1":104.9511566162,
    "2":null
  },
  "error_oracle":{
    "1":-1.3356170654,
    "2":null
  },
  "rel_error_oracle":{
    "1":-0.0125661641,
    "2":null
  },
  "estimate_true_mi":{
    "1":106.2867736816,
    "2":null
  },
  "estimate_ln N":{
    "1":4.1588830834,
    "2":null
  }
}