{
  "KNIFE": [
    [
      2.695670617843347,
      0.07804019618101586
    ]
  ],
  "Schraudolph": [
    [
      9.924990046144028,
      0.20477054804184341
    ]
  ],
  "DoE": [
    [
      4.305603865071039,
      2.113543490035899
    ]
  ]
}