{
  "KNIFE": [
    [
      0.059192970728982705,
      0.010307521413613286
    ]
  ],
  "Schraudolph": [
    [
      0.5419839528949902,
      0.028254492688205467
    ]
  ],
  "DoE": [
    [
      0.6119908364580408,
      0.5053647322962311
    ]
  ]
}